factor,F,p,eta_squared,n_groups
job_category,250.51340915611144,0.0,0.13711218021572896,10
experience_level,766.1586990283425,0.0,0.1393566816088725,4
