level,mean,ci_low,ci_high,n
Entry-level,91871.99623706492,88964.91365342267,94779.07882070716,1063
Mid-level,124097.24109014675,122122.31547420289,126072.16670609062,3339
Senior,163112.27779554419,161879.1273563291,164345.42823475928,9381
Executive,192732.52884615384,185982.38372964627,199482.6739626614,416
