test,t_or_F,p_value,significant,practical_effect_pct
H1: Remote vs In-person,-6.9388965745267415,4.199496928402164e-12,True,5.318504525596857
H2: US vs UK,25.248691024827448,2.7674001835588473e-100,True,62.56240985657251
