work_year,remote_share_pct
2020,49.29577464788733
2021,54.314720812182735
2022,53.39449541284404
2023,31.34944018856806
2024,23.563369194437158
